name,time,records_returned
query_17,4222.522967815399,1
optimized_query_17,14.440736055374146,1